model_a,model_b,mode,recall_floor,thr_a,thr_b,accuracy,macro_f1,score,ontime_recall,delay_recall,cancel_recall,model_a_prauc,model_b_prauc,balanced
A_1to1_focal,B_original,macro_f1,0.0,0.06,0.18,0.6957,0.4445,0.4445,0.8002,0.4038,0.1185,0.108,0.366,0.05267325
A_1to1_focal,B_original,cost_sensitive,0.0,0.04,0.16,0.6826,0.4438,0.2359,0.7775,0.4187,0.1491,0.108,0.366,0.06617058
A_1to1_focal,B_original,macro_f1,0.25,0.02,0.17,0.611,0.4054,0.4054,0.7005,0.3233,0.3795,0.108,0.366,0.1538493
A_1to1_focal,B_original,cost_sensitive,0.25,0.02,0.15,0.593,0.4038,0.2018,0.6638,0.3696,0.3795,0.108,0.366,0.1532421
A_1to1_focal,B_original,macro_f1,0.3,0.02,0.17,0.611,0.4054,0.4054,0.7005,0.3233,0.3795,0.108,0.366,0.1538493
A_1to1_focal,B_original,cost_sensitive,0.3,0.02,0.15,0.593,0.4038,0.2018,0.6638,0.3696,0.3795,0.108,0.366,0.1532421
A_1to1_focal,B_original,macro_f1,0.35,0.02,0.17,0.611,0.4054,0.4054,0.7005,0.3233,0.3795,0.108,0.366,0.1538493
A_1to1_focal,B_original,cost_sensitive,0.35,0.02,0.15,0.593,0.4038,0.2018,0.6638,0.3696,0.3795,0.108,0.366,0.1532421
A_1to1_focal,B_original,macro_f1,0.4,0.01,0.11,0.1127,0.107,0.107,0.0979,0.0477,0.9379,0.108,0.366,0.1003553
A_1to1_focal,B_original,cost_sensitive,0.4,0.01,0.1,0.1078,0.1064,0.075,0.089,0.0567,0.9379,0.108,0.366,0.09979255999999999
A_1to1_focal,B_original,macro_f1,0.5,0.01,0.11,0.1127,0.107,0.107,0.0979,0.0477,0.9379,0.108,0.366,0.1003553
A_1to1_focal,B_original,cost_sensitive,0.5,0.01,0.1,0.1078,0.1064,0.075,0.089,0.0567,0.9379,0.108,0.366,0.09979255999999999
A_1to1_focal,B_2to1,macro_f1,0.0,0.06,0.17,0.6879,0.4433,0.4433,0.7847,0.4223,0.1185,0.108,0.3649,0.05253105
A_1to1_focal,B_2to1,cost_sensitive,0.0,0.04,0.16,0.6641,0.4405,0.2357,0.7412,0.4617,0.1491,0.108,0.3649,0.06567855
A_1to1_focal,B_2to1,macro_f1,0.25,0.02,0.17,0.6105,0.4048,0.4048,0.7003,0.3217,0.3795,0.108,0.3649,0.1536216
A_1to1_focal,B_2to1,cost_sensitive,0.25,0.02,0.16,0.5947,0.4036,0.2016,0.6678,0.3632,0.3795,0.108,0.3649,0.1531662
A_1to1_focal,B_2to1,macro_f1,0.3,0.02,0.17,0.6105,0.4048,0.4048,0.7003,0.3217,0.3795,0.108,0.3649,0.1536216
A_1to1_focal,B_2to1,cost_sensitive,0.3,0.02,0.16,0.5947,0.4036,0.2016,0.6678,0.3632,0.3795,0.108,0.3649,0.1531662
A_1to1_focal,B_2to1,macro_f1,0.35,0.02,0.17,0.6105,0.4048,0.4048,0.7003,0.3217,0.3795,0.108,0.3649,0.1536216
A_1to1_focal,B_2to1,cost_sensitive,0.35,0.02,0.16,0.5947,0.4036,0.2016,0.6678,0.3632,0.3795,0.108,0.3649,0.1531662
A_1to1_focal,B_2to1,macro_f1,0.4,0.01,0.12,0.1145,0.1071,0.1071,0.1014,0.044,0.9379,0.108,0.3649,0.10044908999999999
A_1to1_focal,B_2to1,cost_sensitive,0.4,0.01,0.1,0.1088,0.1067,0.0749,0.0908,0.0552,0.9379,0.108,0.3649,0.10007392999999999
A_1to1_focal,B_2to1,macro_f1,0.5,0.01,0.12,0.1145,0.1071,0.1071,0.1014,0.044,0.9379,0.108,0.3649,0.10044908999999999
A_1to1_focal,B_2to1,cost_sensitive,0.5,0.01,0.1,0.1088,0.1067,0.0749,0.0908,0.0552,0.9379,0.108,0.3649,0.10007392999999999
A_1to1_focal,B_1to1,macro_f1,0.0,0.06,0.17,0.7032,0.443,0.443,0.8187,0.3731,0.1185,0.108,0.3629,0.0524955
A_1to1_focal,B_1to1,cost_sensitive,0.0,0.04,0.16,0.6733,0.4418,0.2356,0.76,0.4376,0.1491,0.108,0.3629,0.06587238000000001
A_1to1_focal,B_1to1,macro_f1,0.25,0.02,0.16,0.6026,0.4042,0.4042,0.6843,0.3417,0.3795,0.108,0.3629,0.1533939
A_1to1_focal,B_1to1,cost_sensitive,0.25,0.02,0.15,0.5788,0.4002,0.2013,0.6376,0.3966,0.3795,0.108,0.3629,0.1518759
A_1to1_focal,B_1to1,macro_f1,0.3,0.02,0.16,0.6026,0.4042,0.4042,0.6843,0.3417,0.3795,0.108,0.3629,0.1533939
A_1to1_focal,B_1to1,cost_sensitive,0.3,0.02,0.15,0.5788,0.4002,0.2013,0.6376,0.3966,0.3795,0.108,0.3629,0.1518759
A_1to1_focal,B_1to1,macro_f1,0.35,0.02,0.16,0.6026,0.4042,0.4042,0.6843,0.3417,0.3795,0.108,0.3629,0.1533939
A_1to1_focal,B_1to1,cost_sensitive,0.35,0.02,0.15,0.5788,0.4002,0.2013,0.6376,0.3966,0.3795,0.108,0.3629,0.1518759
A_1to1_focal,B_1to1,macro_f1,0.4,0.01,0.11,0.1103,0.1069,0.1069,0.0934,0.0525,0.9379,0.108,0.3629,0.10026150999999998
A_1to1_focal,B_1to1,cost_sensitive,0.4,0.01,0.1,0.1069,0.1062,0.0751,0.0873,0.0585,0.9379,0.108,0.3629,0.09960498
A_1to1_focal,B_1to1,macro_f1,0.5,0.01,0.11,0.1103,0.1069,0.1069,0.0934,0.0525,0.9379,0.108,0.3629,0.10026150999999998
A_1to1_focal,B_1to1,cost_sensitive,0.5,0.01,0.1,0.1069,0.1062,0.0751,0.0873,0.0585,0.9379,0.108,0.3629,0.09960498
A_1to1_logistic,B_original,macro_f1,0.0,0.04,0.18,0.6935,0.4512,0.4512,0.7986,0.3923,0.1652,0.1251,0.366,0.07453824
A_1to1_logistic,B_original,cost_sensitive,0.0,0.04,0.16,0.6847,0.4507,0.251,0.7801,0.4172,0.1652,0.1251,0.366,0.07445564
A_1to1_logistic,B_original,macro_f1,0.25,0.03,0.17,0.6577,0.432,0.432,0.7552,0.3598,0.2991,0.1251,0.366,0.1292112
A_1to1_logistic,B_original,cost_sensitive,0.25,0.03,0.15,0.6374,0.4298,0.2313,0.7141,0.4112,0.2991,0.1251,0.366,0.12855318
A_1to1_logistic,B_original,macro_f1,0.3,0.02,0.16,0.6219,0.4112,0.4112,0.7153,0.3204,0.3884,0.1251,0.366,0.15971008
A_1to1_logistic,B_original,cost_sensitive,0.3,0.02,0.15,0.6049,0.4099,0.2103,0.6808,0.3641,0.3884,0.1251,0.366,0.15920516
A_1to1_logistic,B_original,macro_f1,0.35,0.02,0.16,0.6219,0.4112,0.4112,0.7153,0.3204,0.3884,0.1251,0.366,0.15971008
A_1to1_logistic,B_original,cost_sensitive,0.35,0.02,0.15,0.6049,0.4099,0.2103,0.6808,0.3641,0.3884,0.1251,0.366,0.15920516
A_1to1_logistic,B_original,macro_f1,0.4,0.01,0.12,0.2164,0.191,0.191,0.2241,0.0968,0.8631,0.1251,0.366,0.1648521
A_1to1_logistic,B_original,cost_sensitive,0.4,0.01,0.1,0.1944,0.1854,0.1041,0.1842,0.1356,0.8631,0.1251,0.366,0.16001874
A_1to1_logistic,B_original,macro_f1,0.5,0.01,0.12,0.2164,0.191,0.191,0.2241,0.0968,0.8631,0.1251,0.366,0.1648521
A_1to1_logistic,B_original,cost_sensitive,0.5,0.01,0.1,0.1944,0.1854,0.1041,0.1842,0.1356,0.8631,0.1251,0.366,0.16001874
A_1to1_logistic,B_2to1,macro_f1,0.0,0.04,0.17,0.6858,0.4502,0.4502,0.7833,0.4108,0.1652,0.1251,0.3649,0.07437304
A_1to1_logistic,B_2to1,cost_sensitive,0.0,0.04,0.16,0.6662,0.4474,0.2508,0.7436,0.4604,0.1652,0.1251,0.3649,0.07391048000000001
A_1to1_logistic,B_2to1,macro_f1,0.25,0.03,0.17,0.6572,0.4314,0.4314,0.755,0.358,0.2991,0.1251,0.3649,0.12903173999999998
A_1to1_logistic,B_2to1,cost_sensitive,0.25,0.03,0.16,0.6394,0.4296,0.2311,0.7187,0.4038,0.2991,0.1251,0.3649,0.12849335999999997
A_1to1_logistic,B_2to1,macro_f1,0.3,0.02,0.17,0.6224,0.4105,0.4105,0.7174,0.3156,0.3884,0.1251,0.3649,0.1594382
A_1to1_logistic,B_2to1,cost_sensitive,0.3,0.02,0.16,0.6065,0.4096,0.21,0.6846,0.3575,0.3884,0.1251,0.3649,0.15908864
A_1to1_logistic,B_2to1,macro_f1,0.35,0.02,0.17,0.6224,0.4105,0.4105,0.7174,0.3156,0.3884,0.1251,0.3649,0.1594382
A_1to1_logistic,B_2to1,cost_sensitive,0.35,0.02,0.16,0.6065,0.4096,0.21,0.6846,0.3575,0.3884,0.1251,0.3649,0.15908864
A_1to1_logistic,B_2to1,macro_f1,0.4,0.01,0.13,0.2168,0.1909,0.1909,0.2249,0.0957,0.8631,0.1251,0.3649,0.16476579
A_1to1_logistic,B_2to1,cost_sensitive,0.4,0.01,0.1,0.1966,0.1863,0.1041,0.1879,0.1324,0.8631,0.1251,0.3649,0.16079553
A_1to1_logistic,B_2to1,macro_f1,0.5,0.01,0.13,0.2168,0.1909,0.1909,0.2249,0.0957,0.8631,0.1251,0.3649,0.16476579
A_1to1_logistic,B_2to1,cost_sensitive,0.5,0.01,0.1,0.1966,0.1863,0.1041,0.1879,0.1324,0.8631,0.1251,0.3649,0.16079553
A_1to1_logistic,B_1to1,macro_f1,0.0,0.04,0.17,0.7009,0.4496,0.4496,0.8168,0.3619,0.1652,0.1251,0.3629,0.07427392000000001
A_1to1_logistic,B_1to1,cost_sensitive,0.0,0.04,0.16,0.6753,0.4487,0.2507,0.7624,0.4363,0.1652,0.1251,0.3629,0.07412524000000001
A_1to1_logistic,B_1to1,macro_f1,0.25,0.03,0.16,0.648,0.4305,0.4305,0.7365,0.3808,0.2991,0.1251,0.3629,0.12876254999999998
A_1to1_logistic,B_1to1,cost_sensitive,0.25,0.03,0.16,0.648,0.4305,0.2308,0.7365,0.3808,0.2991,0.1251,0.3629,0.12876254999999998
A_1to1_logistic,B_1to1,macro_f1,0.3,0.02,0.16,0.6145,0.4101,0.4101,0.7012,0.3359,0.3884,0.1251,0.3629,0.15928284
A_1to1_logistic,B_1to1,cost_sensitive,0.3,0.02,0.15,0.5904,0.4064,0.2099,0.6538,0.392,0.3884,0.1251,0.3629,0.15784576
A_1to1_logistic,B_1to1,macro_f1,0.35,0.02,0.16,0.6145,0.4101,0.4101,0.7012,0.3359,0.3884,0.1251,0.3629,0.15928284
A_1to1_logistic,B_1to1,cost_sensitive,0.35,0.02,0.15,0.5904,0.4064,0.2099,0.6538,0.392,0.3884,0.1251,0.3629,0.15784576
A_1to1_logistic,B_1to1,macro_f1,0.4,0.01,0.12,0.2156,0.1908,0.1908,0.2226,0.0982,0.8631,0.1251,0.3629,0.16467948
A_1to1_logistic,B_1to1,cost_sensitive,0.4,0.01,0.11,0.2006,0.1877,0.1041,0.1951,0.1258,0.8631,0.1251,0.3629,0.16200387
A_1to1_logistic,B_1to1,macro_f1,0.5,0.01,0.12,0.2156,0.1908,0.1908,0.2226,0.0982,0.8631,0.1251,0.3629,0.16467948
A_1to1_logistic,B_1to1,cost_sensitive,0.5,0.01,0.11,0.2006,0.1877,0.1041,0.1951,0.1258,0.8631,0.1251,0.3629,0.16200387
A_2to1_focal,B_original,macro_f1,0.0,0.06,0.18,0.6949,0.4434,0.4434,0.7989,0.4045,0.1185,0.106,0.366,0.0525429
A_2to1_focal,B_original,cost_sensitive,0.0,0.05,0.15,0.658,0.4383,0.2329,0.7312,0.4658,0.1656,0.106,0.366,0.07258248
A_2to1_focal,B_original,macro_f1,0.25,0.03,0.18,0.6634,0.4297,0.4297,0.7642,0.3608,0.2532,0.106,0.366,0.10880004
A_2to1_focal,B_original,cost_sensitive,0.25,0.03,0.15,0.6362,0.4268,0.2215,0.7085,0.4319,0.2532,0.106,0.366,0.10806576
A_2to1_focal,B_original,macro_f1,0.3,0.02,0.17,0.6113,0.407,0.407,0.6979,0.3364,0.3661,0.106,0.366,0.1490027
A_2to1_focal,B_original,cost_sensitive,0.3,0.02,0.15,0.5935,0.4052,0.2018,0.6614,0.3827,0.3661,0.106,0.366,0.14834371999999998
A_2to1_focal,B_original,macro_f1,0.35,0.02,0.17,0.6113,0.407,0.407,0.6979,0.3364,0.3661,0.106,0.366,0.1490027
A_2to1_focal,B_original,cost_sensitive,0.35,0.02,0.15,0.5935,0.4052,0.2018,0.6614,0.3827,0.3661,0.106,0.366,0.14834371999999998
A_2to1_focal,B_original,macro_f1,0.4,0.01,0.11,0.1018,0.0982,0.0982,0.0838,0.0454,0.9493,0.106,0.366,0.09322126
A_2to1_focal,B_original,cost_sensitive,0.4,0.01,0.1,0.0979,0.0977,0.0724,0.0766,0.0528,0.9493,0.106,0.366,0.09274661
A_2to1_focal,B_original,macro_f1,0.5,0.01,0.11,0.1018,0.0982,0.0982,0.0838,0.0454,0.9493,0.106,0.366,0.09322126
A_2to1_focal,B_original,cost_sensitive,0.5,0.01,0.1,0.0979,0.0977,0.0724,0.0766,0.0528,0.9493,0.106,0.366,0.09274661
A_2to1_focal,B_2to1,macro_f1,0.0,0.06,0.17,0.6871,0.4422,0.4422,0.7834,0.4232,0.1185,0.106,0.3649,0.052400699999999995
A_2to1_focal,B_2to1,cost_sensitive,0.0,0.05,0.16,0.6602,0.4384,0.2327,0.7364,0.4577,0.1656,0.106,0.3649,0.07259904
A_2to1_focal,B_2to1,macro_f1,0.25,0.03,0.17,0.6562,0.4289,0.4289,0.7499,0.3781,0.2532,0.106,0.3649,0.10859748
A_2to1_focal,B_2to1,cost_sensitive,0.25,0.03,0.16,0.6382,0.4267,0.2213,0.7132,0.4244,0.2532,0.106,0.3649,0.10804044
A_2to1_focal,B_2to1,macro_f1,0.3,0.02,0.17,0.6108,0.4064,0.4064,0.6976,0.3347,0.3661,0.106,0.3649,0.14878303999999998
A_2to1_focal,B_2to1,cost_sensitive,0.3,0.02,0.16,0.595,0.405,0.2016,0.6653,0.3762,0.3661,0.106,0.3649,0.1482705
A_2to1_focal,B_2to1,macro_f1,0.35,0.02,0.17,0.6108,0.4064,0.4064,0.6976,0.3347,0.3661,0.106,0.3649,0.14878303999999998
A_2to1_focal,B_2to1,cost_sensitive,0.35,0.02,0.16,0.595,0.405,0.2016,0.6653,0.3762,0.3661,0.106,0.3649,0.1482705
A_2to1_focal,B_2to1,macro_f1,0.4,0.01,0.12,0.1034,0.0982,0.0982,0.0868,0.0421,0.9493,0.106,0.3649,0.09322126
A_2to1_focal,B_2to1,cost_sensitive,0.4,0.01,0.1,0.0988,0.0979,0.0723,0.0781,0.0513,0.9493,0.106,0.3649,0.09293647000000001
A_2to1_focal,B_2to1,macro_f1,0.5,0.01,0.12,0.1034,0.0982,0.0982,0.0868,0.0421,0.9493,0.106,0.3649,0.09322126
A_2to1_focal,B_2to1,cost_sensitive,0.5,0.01,0.1,0.0988,0.0979,0.0723,0.0781,0.0513,0.9493,0.106,0.3649,0.09293647000000001
A_2to1_focal,B_1to1,macro_f1,0.0,0.06,0.17,0.7023,0.4419,0.4419,0.8172,0.3741,0.1185,0.106,0.3629,0.05236515
A_2to1_focal,B_1to1,cost_sensitive,0.0,0.05,0.16,0.6692,0.4396,0.2326,0.755,0.4339,0.1656,0.106,0.3629,0.07279776
A_2to1_focal,B_1to1,macro_f1,0.25,0.03,0.17,0.67,0.4278,0.4278,0.7809,0.3323,0.2532,0.106,0.3629,0.10831895999999999
A_2to1_focal,B_1to1,cost_sensitive,0.25,0.03,0.16,0.6468,0.4277,0.2211,0.731,0.4015,0.2532,0.106,0.3629,0.10829364
A_2to1_focal,B_1to1,macro_f1,0.3,0.02,0.16,0.6029,0.4057,0.4057,0.6816,0.3549,0.3661,0.106,0.3629,0.14852677
A_2to1_focal,B_1to1,cost_sensitive,0.3,0.02,0.15,0.5793,0.4014,0.2013,0.6351,0.4099,0.3661,0.106,0.3629,0.14695254
A_2to1_focal,B_1to1,macro_f1,0.35,0.02,0.16,0.6029,0.4057,0.4057,0.6816,0.3549,0.3661,0.106,0.3629,0.14852677
A_2to1_focal,B_1to1,cost_sensitive,0.35,0.02,0.15,0.5793,0.4014,0.2013,0.6351,0.4099,0.3661,0.106,0.3629,0.14695254
A_2to1_focal,B_1to1,macro_f1,0.4,0.01,0.11,0.1,0.0981,0.0981,0.0804,0.049,0.9493,0.106,0.3629,0.09312633000000001
A_2to1_focal,B_1to1,cost_sensitive,0.4,0.01,0.1,0.0973,0.0976,0.0724,0.0755,0.0538,0.9493,0.106,0.3629,0.09265168000000001
A_2to1_focal,B_1to1,macro_f1,0.5,0.01,0.11,0.1,0.0981,0.0981,0.0804,0.049,0.9493,0.106,0.3629,0.09312633000000001
A_2to1_focal,B_1to1,cost_sensitive,0.5,0.01,0.1,0.0973,0.0976,0.0724,0.0755,0.0538,0.9493,0.106,0.3629,0.09265168000000001
A_2to1_logistic,B_original,macro_f1,0.0,0.05,0.18,0.6935,0.4484,0.4484,0.7985,0.3942,0.1538,0.1185,0.366,0.06896392
A_2to1_logistic,B_original,cost_sensitive,0.0,0.05,0.16,0.6847,0.4478,0.2438,0.78,0.419,0.1538,0.1185,0.366,0.06887164
A_2to1_logistic,B_original,macro_f1,0.25,0.02,0.17,0.6551,0.4295,0.4295,0.7516,0.3612,0.2926,0.1185,0.366,0.1256717
A_2to1_logistic,B_original,cost_sensitive,0.25,0.02,0.15,0.635,0.4272,0.2262,0.7108,0.4122,0.2926,0.1185,0.366,0.12499872000000002
A_2to1_logistic,B_original,macro_f1,0.3,0.01,0.12,0.1936,0.1721,0.1721,0.1979,0.0798,0.8823,0.1185,0.366,0.15184382999999999
A_2to1_logistic,B_original,cost_sensitive,0.3,0.01,0.1,0.1749,0.1682,0.0974,0.1639,0.1133,0.8823,0.1185,0.366,0.14840286
A_2to1_logistic,B_original,macro_f1,0.35,0.01,0.12,0.1936,0.1721,0.1721,0.1979,0.0798,0.8823,0.1185,0.366,0.15184382999999999
A_2to1_logistic,B_original,cost_sensitive,0.35,0.01,0.1,0.1749,0.1682,0.0974,0.1639,0.1133,0.8823,0.1185,0.366,0.14840286
A_2to1_logistic,B_original,macro_f1,0.4,0.01,0.12,0.1936,0.1721,0.1721,0.1979,0.0798,0.8823,0.1185,0.366,0.15184382999999999
A_2to1_logistic,B_original,cost_sensitive,0.4,0.01,0.1,0.1749,0.1682,0.0974,0.1639,0.1133,0.8823,0.1185,0.366,0.14840286
A_2to1_logistic,B_original,macro_f1,0.5,0.01,0.12,0.1936,0.1721,0.1721,0.1979,0.0798,0.8823,0.1185,0.366,0.15184382999999999
A_2to1_logistic,B_original,cost_sensitive,0.5,0.01,0.1,0.1749,0.1682,0.0974,0.1639,0.1133,0.8823,0.1185,0.366,0.14840286
A_2to1_logistic,B_2to1,macro_f1,0.0,0.05,0.17,0.6858,0.4473,0.4473,0.7832,0.4127,0.1538,0.1185,0.3649,0.06879474
A_2to1_logistic,B_2to1,cost_sensitive,0.0,0.05,0.16,0.6662,0.4445,0.2437,0.7435,0.4622,0.1538,0.1185,0.3649,0.0683641
A_2to1_logistic,B_2to1,macro_f1,0.25,0.02,0.17,0.6546,0.4289,0.4289,0.7515,0.3592,0.2926,0.1185,0.3649,0.12549614
A_2to1_logistic,B_2to1,cost_sensitive,0.25,0.02,0.16,0.6369,0.4271,0.226,0.7154,0.4049,0.2926,0.1185,0.3649,0.12496946
A_2to1_logistic,B_2to1,macro_f1,0.3,0.01,0.13,0.1939,0.1719,0.1719,0.1986,0.0788,0.8823,0.1185,0.3649,0.15166737
A_2to1_logistic,B_2to1,cost_sensitive,0.3,0.01,0.1,0.1769,0.1689,0.0974,0.1674,0.1102,0.8823,0.1185,0.3649,0.14902047
A_2to1_logistic,B_2to1,macro_f1,0.35,0.01,0.13,0.1939,0.1719,0.1719,0.1986,0.0788,0.8823,0.1185,0.3649,0.15166737
A_2to1_logistic,B_2to1,cost_sensitive,0.35,0.01,0.1,0.1769,0.1689,0.0974,0.1674,0.1102,0.8823,0.1185,0.3649,0.14902047
A_2to1_logistic,B_2to1,macro_f1,0.4,0.01,0.13,0.1939,0.1719,0.1719,0.1986,0.0788,0.8823,0.1185,0.3649,0.15166737
A_2to1_logistic,B_2to1,cost_sensitive,0.4,0.01,0.1,0.1769,0.1689,0.0974,0.1674,0.1102,0.8823,0.1185,0.3649,0.14902047
A_2to1_logistic,B_2to1,macro_f1,0.5,0.01,0.13,0.1939,0.1719,0.1719,0.1986,0.0788,0.8823,0.1185,0.3649,0.15166737
A_2to1_logistic,B_2to1,cost_sensitive,0.5,0.01,0.1,0.1769,0.1689,0.0974,0.1674,0.1102,0.8823,0.1185,0.3649,0.14902047
A_2to1_logistic,B_1to1,macro_f1,0.0,0.05,0.17,0.7009,0.4468,0.4468,0.8168,0.3638,0.1538,0.1185,0.3629,0.06871783999999999
A_2to1_logistic,B_1to1,cost_sensitive,0.0,0.05,0.16,0.6753,0.4458,0.2436,0.7623,0.4382,0.1538,0.1185,0.3629,0.06856403999999999
A_2to1_logistic,B_1to1,macro_f1,0.25,0.02,0.16,0.6455,0.428,0.428,0.7331,0.3821,0.2926,0.1185,0.3629,0.1252328
A_2to1_logistic,B_1to1,cost_sensitive,0.25,0.02,0.16,0.6455,0.428,0.2257,0.7331,0.3821,0.2926,0.1185,0.3629,0.1252328
A_2to1_logistic,B_1to1,macro_f1,0.3,0.01,0.12,0.193,0.1721,0.1721,0.1968,0.0811,0.8823,0.1185,0.3629,0.15184382999999999
A_2to1_logistic,B_1to1,cost_sensitive,0.3,0.01,0.1,0.1733,0.1675,0.0974,0.1612,0.1154,0.8823,0.1185,0.3629,0.14778525
A_2to1_logistic,B_1to1,macro_f1,0.35,0.01,0.12,0.193,0.1721,0.1721,0.1968,0.0811,0.8823,0.1185,0.3629,0.15184382999999999
A_2to1_logistic,B_1to1,cost_sensitive,0.35,0.01,0.1,0.1733,0.1675,0.0974,0.1612,0.1154,0.8823,0.1185,0.3629,0.14778525
A_2to1_logistic,B_1to1,macro_f1,0.4,0.01,0.12,0.193,0.1721,0.1721,0.1968,0.0811,0.8823,0.1185,0.3629,0.15184382999999999
A_2to1_logistic,B_1to1,cost_sensitive,0.4,0.01,0.1,0.1733,0.1675,0.0974,0.1612,0.1154,0.8823,0.1185,0.3629,0.14778525
A_2to1_logistic,B_1to1,macro_f1,0.5,0.01,0.12,0.193,0.1721,0.1721,0.1968,0.0811,0.8823,0.1185,0.3629,0.15184382999999999
A_2to1_logistic,B_1to1,cost_sensitive,0.5,0.01,0.1,0.1733,0.1675,0.0974,0.1612,0.1154,0.8823,0.1185,0.3629,0.14778525
A_3to1_focal,B_original,macro_f1,0.0,0.06,0.18,0.6924,0.4427,0.4427,0.7972,0.396,0.1386,0.1073,0.366,0.06135822
A_3to1_focal,B_original,cost_sensitive,0.0,0.06,0.16,0.6836,0.4422,0.2305,0.7787,0.4209,0.1386,0.1073,0.366,0.06128892
A_3to1_focal,B_original,macro_f1,0.25,0.02,0.16,0.5988,0.3993,0.3993,0.6858,0.3173,0.3874,0.1073,0.366,0.15468882
A_3to1_focal,B_original,cost_sensitive,0.25,0.02,0.15,0.583,0.3981,0.1948,0.6533,0.3589,0.3874,0.1073,0.366,0.15422394
A_3to1_focal,B_original,macro_f1,0.3,0.02,0.16,0.5988,0.3993,0.3993,0.6858,0.3173,0.3874,0.1073,0.366,0.15468882
A_3to1_focal,B_original,cost_sensitive,0.3,0.02,0.15,0.583,0.3981,0.1948,0.6533,0.3589,0.3874,0.1073,0.366,0.15422394
A_3to1_focal,B_original,macro_f1,0.35,0.02,0.16,0.5988,0.3993,0.3993,0.6858,0.3173,0.3874,0.1073,0.366,0.15468882
A_3to1_focal,B_original,cost_sensitive,0.35,0.02,0.15,0.583,0.3981,0.1948,0.6533,0.3589,0.3874,0.1073,0.366,0.15422394
A_3to1_focal,B_original,macro_f1,0.4,0.01,0.11,0.0913,0.0855,0.0855,0.073,0.0334,0.957,0.1073,0.366,0.08182350000000001
A_3to1_focal,B_original,cost_sensitive,0.4,0.01,0.1,0.0882,0.0855,0.0676,0.0671,0.0396,0.957,0.1073,0.366,0.08182350000000001
A_3to1_focal,B_original,macro_f1,0.5,0.01,0.11,0.0913,0.0855,0.0855,0.073,0.0334,0.957,0.1073,0.366,0.08182350000000001
A_3to1_focal,B_original,cost_sensitive,0.5,0.01,0.1,0.0882,0.0855,0.0676,0.0671,0.0396,0.957,0.1073,0.366,0.08182350000000001
A_3to1_focal,B_2to1,macro_f1,0.0,0.06,0.17,0.6848,0.4417,0.4417,0.782,0.4144,0.1386,0.1073,0.3649,0.061219619999999995
A_3to1_focal,B_2to1,cost_sensitive,0.0,0.05,0.16,0.664,0.4385,0.2303,0.7413,0.4611,0.1463,0.1073,0.3649,0.06415255
A_3to1_focal,B_2to1,macro_f1,0.25,0.02,0.17,0.5995,0.3987,0.3987,0.6881,0.3124,0.3874,0.1073,0.3649,0.15445638
A_3to1_focal,B_2to1,cost_sensitive,0.25,0.02,0.16,0.5846,0.3979,0.1946,0.6572,0.3527,0.3874,0.1073,0.3649,0.15414646
A_3to1_focal,B_2to1,macro_f1,0.3,0.02,0.17,0.5995,0.3987,0.3987,0.6881,0.3124,0.3874,0.1073,0.3649,0.15445638
A_3to1_focal,B_2to1,cost_sensitive,0.3,0.02,0.16,0.5846,0.3979,0.1946,0.6572,0.3527,0.3874,0.1073,0.3649,0.15414646
A_3to1_focal,B_2to1,macro_f1,0.35,0.02,0.17,0.5995,0.3987,0.3987,0.6881,0.3124,0.3874,0.1073,0.3649,0.15445638
A_3to1_focal,B_2to1,cost_sensitive,0.35,0.02,0.16,0.5846,0.3979,0.1946,0.6572,0.3527,0.3874,0.1073,0.3649,0.15414646
A_3to1_focal,B_2to1,macro_f1,0.4,0.01,0.11,0.0897,0.0856,0.0856,0.0698,0.0369,0.957,0.1073,0.3649,0.0819192
A_3to1_focal,B_2to1,cost_sensitive,0.4,0.01,0.1,0.0889,0.0856,0.0675,0.0683,0.0386,0.957,0.1073,0.3649,0.0819192
A_3to1_focal,B_2to1,macro_f1,0.5,0.01,0.11,0.0897,0.0856,0.0856,0.0698,0.0369,0.957,0.1073,0.3649,0.0819192
A_3to1_focal,B_2to1,cost_sensitive,0.5,0.01,0.1,0.0889,0.0856,0.0675,0.0683,0.0386,0.957,0.1073,0.3649,0.0819192
A_3to1_focal,B_1to1,macro_f1,0.0,0.06,0.17,0.6997,0.4412,0.4412,0.8154,0.3656,0.1386,0.1073,0.3629,0.06115032
A_3to1_focal,B_1to1,cost_sensitive,0.0,0.06,0.16,0.6744,0.4402,0.2302,0.7612,0.44,0.1386,0.1073,0.3629,0.06101172
A_3to1_focal,B_1to1,macro_f1,0.25,0.02,0.16,0.5921,0.3983,0.3983,0.673,0.3317,0.3874,0.1073,0.3629,0.15430142
A_3to1_focal,B_1to1,cost_sensitive,0.25,0.02,0.15,0.5697,0.3949,0.1945,0.6285,0.3853,0.3874,0.1073,0.3629,0.15298426
A_3to1_focal,B_1to1,macro_f1,0.3,0.02,0.16,0.5921,0.3983,0.3983,0.673,0.3317,0.3874,0.1073,0.3629,0.15430142
A_3to1_focal,B_1to1,cost_sensitive,0.3,0.02,0.15,0.5697,0.3949,0.1945,0.6285,0.3853,0.3874,0.1073,0.3629,0.15298426
A_3to1_focal,B_1to1,macro_f1,0.35,0.02,0.16,0.5921,0.3983,0.3983,0.673,0.3317,0.3874,0.1073,0.3629,0.15430142
A_3to1_focal,B_1to1,cost_sensitive,0.35,0.02,0.15,0.5697,0.3949,0.1945,0.6285,0.3853,0.3874,0.1073,0.3629,0.15298426
A_3to1_focal,B_1to1,macro_f1,0.4,0.01,0.11,0.0897,0.0856,0.0856,0.07,0.0368,0.957,0.1073,0.3629,0.0819192
A_3to1_focal,B_1to1,cost_sensitive,0.4,0.01,0.1,0.0876,0.0855,0.0677,0.0659,0.041,0.957,0.1073,0.3629,0.08182350000000001
A_3to1_focal,B_1to1,macro_f1,0.5,0.01,0.11,0.0897,0.0856,0.0856,0.07,0.0368,0.957,0.1073,0.3629,0.0819192
A_3to1_focal,B_1to1,cost_sensitive,0.5,0.01,0.1,0.0876,0.0855,0.0677,0.0659,0.041,0.957,0.1073,0.3629,0.08182350000000001
A_3to1_logistic,B_original,macro_f1,0.0,0.05,0.18,0.6932,0.449,0.449,0.7979,0.395,0.1559,0.1213,0.366,0.06999910000000001
A_3to1_logistic,B_original,cost_sensitive,0.0,0.05,0.16,0.6844,0.4485,0.2455,0.7794,0.4198,0.1559,0.1213,0.366,0.06992115
A_3to1_logistic,B_original,macro_f1,0.25,0.02,0.17,0.6213,0.4111,0.4111,0.7135,0.3258,0.3781,0.1213,0.366,0.15543691
A_3to1_logistic,B_original,cost_sensitive,0.25,0.02,0.15,0.6032,0.4096,0.2088,0.6765,0.3726,0.3781,0.1213,0.366,0.15486976
A_3to1_logistic,B_original,macro_f1,0.3,0.02,0.17,0.6213,0.4111,0.4111,0.7135,0.3258,0.3781,0.1213,0.366,0.15543691
A_3to1_logistic,B_original,cost_sensitive,0.3,0.02,0.15,0.6032,0.4096,0.2088,0.6765,0.3726,0.3781,0.1213,0.366,0.15486976
A_3to1_logistic,B_original,macro_f1,0.35,0.02,0.17,0.6213,0.4111,0.4111,0.7135,0.3258,0.3781,0.1213,0.366,0.15543691
A_3to1_logistic,B_original,cost_sensitive,0.35,0.02,0.15,0.6032,0.4096,0.2088,0.6765,0.3726,0.3781,0.1213,0.366,0.15486976
A_3to1_logistic,B_original,macro_f1,0.4,0.01,0.12,0.1651,0.151,0.151,0.1626,0.0694,0.8979,0.1213,0.366,0.1355829
A_3to1_logistic,B_original,cost_sensitive,0.4,0.01,0.1,0.1507,0.1488,0.0904,0.1358,0.0972,0.8979,0.1213,0.366,0.13360752
A_3to1_logistic,B_original,macro_f1,0.5,0.01,0.12,0.1651,0.151,0.151,0.1626,0.0694,0.8979,0.1213,0.366,0.1355829
A_3to1_logistic,B_original,cost_sensitive,0.5,0.01,0.1,0.1507,0.1488,0.0904,0.1358,0.0972,0.8979,0.1213,0.366,0.13360752
A_3to1_logistic,B_2to1,macro_f1,0.0,0.05,0.17,0.6855,0.448,0.448,0.7825,0.4134,0.1559,0.1213,0.3649,0.06984320000000001
A_3to1_logistic,B_2to1,cost_sensitive,0.0,0.05,0.16,0.6659,0.4452,0.2453,0.7429,0.463,0.1559,0.1213,0.3649,0.06940668
A_3to1_logistic,B_2to1,macro_f1,0.25,0.02,0.17,0.6207,0.4105,0.4105,0.7131,0.3244,0.3781,0.1213,0.3649,0.15521005
A_3to1_logistic,B_2to1,cost_sensitive,0.25,0.02,0.16,0.6047,0.4093,0.2085,0.6803,0.3662,0.3781,0.1213,0.3649,0.15475633
A_3to1_logistic,B_2to1,macro_f1,0.3,0.02,0.17,0.6207,0.4105,0.4105,0.7131,0.3244,0.3781,0.1213,0.3649,0.15521005
A_3to1_logistic,B_2to1,cost_sensitive,0.3,0.02,0.16,0.6047,0.4093,0.2085,0.6803,0.3662,0.3781,0.1213,0.3649,0.15475633
A_3to1_logistic,B_2to1,macro_f1,0.35,0.02,0.17,0.6207,0.4105,0.4105,0.7131,0.3244,0.3781,0.1213,0.3649,0.15521005
A_3to1_logistic,B_2to1,cost_sensitive,0.35,0.02,0.16,0.6047,0.4093,0.2085,0.6803,0.3662,0.3781,0.1213,0.3649,0.15475633
A_3to1_logistic,B_2to1,macro_f1,0.4,0.01,0.12,0.1616,0.1512,0.1512,0.1558,0.0773,0.8979,0.1213,0.3649,0.13576248000000002
A_3to1_logistic,B_2to1,cost_sensitive,0.4,0.01,0.1,0.1522,0.1493,0.0903,0.1384,0.095,0.8979,0.1213,0.3649,0.13405646999999998
A_3to1_logistic,B_2to1,macro_f1,0.5,0.01,0.12,0.1616,0.1512,0.1512,0.1558,0.0773,0.8979,0.1213,0.3649,0.13576248000000002
A_3to1_logistic,B_2to1,cost_sensitive,0.5,0.01,0.1,0.1522,0.1493,0.0903,0.1384,0.095,0.8979,0.1213,0.3649,0.13405646999999998
A_3to1_logistic,B_1to1,macro_f1,0.0,0.06,0.17,0.7037,0.4475,0.4475,0.8192,0.372,0.1306,0.1213,0.3629,0.058443499999999995
A_3to1_logistic,B_1to1,cost_sensitive,0.0,0.05,0.16,0.6751,0.4465,0.2452,0.7617,0.4389,0.1559,0.1213,0.3629,0.06960935
A_3to1_logistic,B_1to1,macro_f1,0.25,0.02,0.16,0.6126,0.4099,0.4099,0.6968,0.3448,0.3781,0.1213,0.3629,0.15498319
A_3to1_logistic,B_1to1,cost_sensitive,0.25,0.02,0.15,0.5885,0.4059,0.2083,0.6494,0.4006,0.3781,0.1213,0.3629,0.15347079
A_3to1_logistic,B_1to1,macro_f1,0.3,0.02,0.16,0.6126,0.4099,0.4099,0.6968,0.3448,0.3781,0.1213,0.3629,0.15498319
A_3to1_logistic,B_1to1,cost_sensitive,0.3,0.02,0.15,0.5885,0.4059,0.2083,0.6494,0.4006,0.3781,0.1213,0.3629,0.15347079
A_3to1_logistic,B_1to1,macro_f1,0.35,0.02,0.16,0.6126,0.4099,0.4099,0.6968,0.3448,0.3781,0.1213,0.3629,0.15498319
A_3to1_logistic,B_1to1,cost_sensitive,0.35,0.02,0.15,0.5885,0.4059,0.2083,0.6494,0.4006,0.3781,0.1213,0.3629,0.15347079
A_3to1_logistic,B_1to1,macro_f1,0.4,0.01,0.12,0.1644,0.1511,0.1511,0.1612,0.0711,0.8979,0.1213,0.3629,0.13567269
A_3to1_logistic,B_1to1,cost_sensitive,0.4,0.01,0.1,0.1493,0.1483,0.0904,0.1333,0.0995,0.8979,0.1213,0.3629,0.13315857
A_3to1_logistic,B_1to1,macro_f1,0.5,0.01,0.12,0.1644,0.1511,0.1511,0.1612,0.0711,0.8979,0.1213,0.3629,0.13567269
A_3to1_logistic,B_1to1,cost_sensitive,0.5,0.01,0.1,0.1493,0.1483,0.0904,0.1333,0.0995,0.8979,0.1213,0.3629,0.13315857
